<metadata xml:lang="en"><Esri><CreaDate>20230206</CreaDate><CreaTime>08361800</CreaTime><ArcGISFormat>1.0</ArcGISFormat><SyncOnce>FALSE</SyncOnce><DataProperties><lineage><Process ToolSource="c:\program files (x86)\arcgis\desktop10.8\ArcToolbox\Toolboxes\Data Management Tools.tbx\Append" Date="20221214" Time="075509">Append Sampel_tnp_dtl_Lks "Alamat Pokok Sampel Merge" NO_TEST "Name "Name" true false false 254 Text 0 0 ,First,#,Sampel_tnp_dtl_Lks,Name,-1,-1;descriptio "descriptio" true false false 254 Text 0 0 ,First,#;timestamp "timestamp" true false false 254 Text 0 0 ,First,#;Nama_File "Nama_File" true false false 50 Text 0 0 ,First,#;ELEVATION "ELEVATION" true false false 7 Float 5 6 ,First,#;time "time" true false false 25 Text 0 0 ,First,#;Posisi_Pkk "Posisi_Pkk" true false false 10 Text 0 0 ,First,#" #</Process><Process ToolSource="c:\program files (x86)\arcgis\desktop10.8\ArcToolbox\Toolboxes\Data Management Tools.tbx\Append" Date="20221214" Time="082102">Append Sampel_tnp_dtl_Lks "Alamat Pokok Sampel Merge" NO_TEST "Name "Name" true false false 254 Text 0 0 ,First,#,Sampel_tnp_dtl_Lks,Name,-1,-1;descriptio "descriptio" true false false 254 Text 0 0 ,First,#;timestamp "timestamp" true false false 254 Text 0 0 ,First,#;Nama_File "Nama_File" true false false 50 Text 0 0 ,First,#;ELEVATION "ELEVATION" true false false 7 Float 5 6 ,First,#;time "time" true false false 25 Text 0 0 ,First,#;Posisi_Pkk "Posisi_Pkk" true false false 10 Text 0 0 ,First,#" #</Process><Process ToolSource="c:\program files (x86)\arcgis\desktop10.8\ArcToolbox\Toolboxes\Data Management Tools.tbx\CalculateField" Date="20221214" Time="082340">CalculateField "Alamat Pokok Sampel Merge" Nama_File "PETA TRIAL NDVI 2.kml" VB #</Process><Process ToolSource="c:\program files (x86)\arcgis\desktop10.8\ArcToolbox\Toolboxes\Data Management Tools.tbx\CalculateField" Date="20221214" Time="082403">CalculateField "Alamat Pokok Sampel Merge" Posisi_Pkk "Tdk Adal" VB #</Process><Process ToolSource="c:\program files (x86)\arcgis\desktop10.8\ArcToolbox\Toolboxes\Data Management Tools.tbx\CalculateField" Date="20221214" Time="082423">CalculateField "Alamat Pokok Sampel Merge" Posisi_Pkk "Tdk Ada" VB #</Process><Process ToolSource="c:\program files (x86)\arcgis\desktop10.8\ArcToolbox\Toolboxes\Analysis Tools.tbx\SpatialJoin" Date="20221216" Time="023901">SpatialJoin "Alamat Pokok Sampel Merge" GBSM_MS_BLOCK "D:\01 TAP\2022\Prediksi Hara\LOKASI_SAMPLE_LAPANGAN\Data Lokasi baris kolom\Alamat Pokok Sampel Merge\Alamat Pokok Sampel Merge_.shp" JOIN_ONE_TO_MANY KEEP_ALL "Name "Name" true true false 254 Text 0 0 ,First,#,Alamat Pokok Sampel Merge,Name,-1,-1;descriptio "descriptio" true true false 254 Text 0 0 ,First,#,Alamat Pokok Sampel Merge,descriptio,-1,-1;timestamp "timestamp" true true false 254 Text 0 0 ,First,#,Alamat Pokok Sampel Merge,timestamp,-1,-1;Nama_File "Nama_File" true true false 50 Text 0 0 ,First,#,Alamat Pokok Sampel Merge,Nama_File,-1,-1;ELEVATION "ELEVATION" true true false 7 Float 5 6 ,First,#,Alamat Pokok Sampel Merge,ELEVATION,-1,-1;time "time" true true false 25 Text 0 0 ,First,#,Alamat Pokok Sampel Merge,time,-1,-1;Posisi_Pkk "Posisi_Pkk" true true false 10 Text 0 0 ,First,#,Alamat Pokok Sampel Merge,Posisi_Pkk,-1,-1;BLOCK_CODE "BLOCK_CODE" true true false 15 Text 0 0 ,First,#,GBSM_MS_BLOCK,BLOCK_CODE,-1,-1;SPMON "SPMON" true true false 8 Date 0 0 ,First,#,GBSM_MS_BLOCK,SPMON,-1,-1;BLOCK_NAME "BLOCK_NAME" true true false 15 Text 0 0 ,First,#,GBSM_MS_BLOCK,BLOCK_NAME,-1,-1;WERKS "WERKS" true true false 10 Text 0 0 ,First,#,GBSM_MS_BLOCK,WERKS,-1,-1;AFD_CODE "AFD_CODE" true true false 15 Text 0 0 ,First,#,GBSM_MS_BLOCK,AFD_CODE,-1,-1;HA "HA" true true false 19 Double 0 0 ,First,#,GBSM_MS_BLOCK,HA,-1,-1;REBLOCK "REBLOCK" true true false 50 Text 0 0 ,First,#,GBSM_MS_BLOCK,REBLOCK,-1,-1;SAP_CODE "SAP_CODE" true true false 20 Text 0 0 ,First,#,GBSM_MS_BLOCK,SAP_CODE,-1,-1" INTERSECT # #</Process><Process ToolSource="c:\program files (x86)\arcgis\desktop10.8\ArcToolbox\Toolboxes\Data Management Tools.tbx\CalculateField" Date="20221216" Time="024806">CalculateField "Alamat Pokok Sampel Merge_" AFD_CODE "FG" VB #</Process><Process ToolSource="c:\program files (x86)\arcgis\desktop10.8\ArcToolbox\Toolboxes\Data Management Tools.tbx\CalculateField" Date="20221216" Time="024843">CalculateField "Alamat Pokok Sampel Merge_" AFD_CODE right( [AFD_CODE],1) VB #</Process><Process ToolSource="c:\program files (x86)\arcgis\desktop10.7\ArcToolbox\Toolboxes\Data Management Tools.tbx\CalculateField" Date="20221221" Time="105354">CalculateField Sampel_LSU_1 ket "GSR" VB #</Process><Process ToolSource="c:\program files (x86)\arcgis\desktop10.7\ArcToolbox\Toolboxes\Data Management Tools.tbx\CalculateField" Date="20221221" Time="105627">CalculateField Sampel_LSU_1 ket "GSR" VB #</Process><Process ToolSource="c:\program files (x86)\arcgis\desktop10.7\ArcToolbox\Toolboxes\Data Management Tools.tbx\CalculateField" Date="20221221" Time="105635">CalculateField Sampel_LSU_1 ket "GSR" VB #</Process><Process ToolSource="c:\program files (x86)\arcgis\desktop10.7\ArcToolbox\Toolboxes\Data Management Tools.tbx\CalculateField" Date="20221221" Time="111339">CalculateField Sampel_LSU_1 ket "GSR" VB #</Process><Process ToolSource="c:\program files (x86)\arcgis\desktop10.7\ArcToolbox\Toolboxes\Data Management Tools.tbx\CalculateField" Date="20221221" Time="111506">CalculateField Sampel_LSU_1 ket "GSR" VB #</Process><Process ToolSource="c:\program files (x86)\arcgis\desktop10.7\ArcToolbox\Toolboxes\Data Management Tools.tbx\CalculateField" Date="20221221" Time="111712">CalculateField Sampel_LSU_1 ket "GSR" VB #</Process><Process ToolSource="c:\program files (x86)\arcgis\desktop10.7\ArcToolbox\Toolboxes\Data Management Tools.tbx\CalculateField" Date="20221221" Time="111846">CalculateField Sampel_LSU_1 ket "GSR" VB #</Process><Process ToolSource="c:\program files (x86)\arcgis\desktop10.7\ArcToolbox\Toolboxes\Data Management Tools.tbx\CalculateField" Date="20221221" Time="112040">CalculateField Sampel_LSU_1 ket "GSR" VB #</Process><Process ToolSource="c:\program files (x86)\arcgis\desktop10.7\ArcToolbox\Toolboxes\Data Management Tools.tbx\CalculateField" Date="20221221" Time="112138">CalculateField Sampel_LSU_1 ket "GSR" VB #</Process><Process ToolSource="c:\program files (x86)\arcgis\desktop10.7\ArcToolbox\Toolboxes\Data Management Tools.tbx\CalculateField" Date="20221221" Time="112239">CalculateField Sampel_LSU_1 ket "GSR" VB #</Process><Process ToolSource="c:\program files (x86)\arcgis\desktop10.7\ArcToolbox\Toolboxes\Data Management Tools.tbx\CalculateField" Date="20221221" Time="112354">CalculateField Sampel_LSU_1 ket "GSR" VB #</Process><Process ToolSource="c:\program files (x86)\arcgis\desktop10.7\ArcToolbox\Toolboxes\Data Management Tools.tbx\CalculateField" Date="20221221" Time="112520">CalculateField Sampel_LSU_1 ket "GSR" VB #</Process><Process ToolSource="c:\program files (x86)\arcgis\desktop10.7\ArcToolbox\Toolboxes\Data Management Tools.tbx\CalculateField" Date="20221221" Time="112622">CalculateField Sampel_LSU_1 ket "GSR" VB #</Process><Process ToolSource="c:\program files (x86)\arcgis\desktop10.7\ArcToolbox\Toolboxes\Data Management Tools.tbx\CalculateField" Date="20221221" Time="112812">CalculateField Sampel_LSU_1 ket "GSR" VB #</Process><Process ToolSource="c:\program files (x86)\arcgis\desktop10.7\ArcToolbox\Toolboxes\Data Management Tools.tbx\CalculateField" Date="20221221" Time="113020">CalculateField Sampel_LSU_1 ket "GSR" VB #</Process><Process ToolSource="c:\program files (x86)\arcgis\desktop10.7\ArcToolbox\Toolboxes\Data Management Tools.tbx\CalculateField" Date="20221221" Time="114124">CalculateField Sampel_LSU_1 ket "GSR" VB #</Process><Process ToolSource="c:\program files (x86)\arcgis\desktop10.7\ArcToolbox\Toolboxes\Data Management Tools.tbx\CalculateField" Date="20221221" Time="114212">CalculateField Sampel_LSU_1 ket "GSR" VB #</Process><Process ToolSource="c:\program files (x86)\arcgis\desktop10.7\ArcToolbox\Toolboxes\Data Management Tools.tbx\CalculateField" Date="20221221" Time="132649">CalculateField Sampel_LSU_1 ket "GSR" VB #</Process><Process ToolSource="c:\program files (x86)\arcgis\desktop10.7\ArcToolbox\Toolboxes\Data Management Tools.tbx\CalculateField" Date="20221221" Time="132940">CalculateField Sampel_LSU_1 ket "GSR" VB #</Process><Process ToolSource="c:\program files (x86)\arcgis\desktop10.7\ArcToolbox\Toolboxes\Data Management Tools.tbx\CalculateField" Date="20221221" Time="133311">CalculateField Sampel_LSU_1 ket "GSR" VB #</Process><Process ToolSource="c:\program files (x86)\arcgis\desktop10.7\ArcToolbox\Toolboxes\Data Management Tools.tbx\CalculateField" Date="20221221" Time="133542">CalculateField Sampel_LSU_1 ket "GSR" VB #</Process><Process ToolSource="c:\program files (x86)\arcgis\desktop10.7\ArcToolbox\Toolboxes\Data Management Tools.tbx\CalculateField" Date="20221221" Time="133933">CalculateField Sampel_LSU_1 ket "GSR" VB #</Process><Process ToolSource="c:\program files (x86)\arcgis\desktop10.7\ArcToolbox\Toolboxes\Data Management Tools.tbx\CalculateField" Date="20221221" Time="134849">CalculateField Sampel_LSU_1 ket "GSR" VB #</Process><Process ToolSource="c:\program files (x86)\arcgis\desktop10.7\ArcToolbox\Toolboxes\Data Management Tools.tbx\CalculateField" Date="20221221" Time="135405">CalculateField Sampel_LSU_1 ket "GSR" VB #</Process><Process ToolSource="c:\program files (x86)\arcgis\desktop10.7\ArcToolbox\Toolboxes\Data Management Tools.tbx\CalculateField" Date="20221221" Time="140741">CalculateField Sampel_LSU_1 ket "GSR" VB #</Process><Process ToolSource="c:\program files (x86)\arcgis\desktop10.7\ArcToolbox\Toolboxes\Data Management Tools.tbx\CalculateField" Date="20221221" Time="141102">CalculateField Sampel_LSU_1 ket "GSR" VB #</Process><Process ToolSource="c:\program files (x86)\arcgis\desktop10.7\ArcToolbox\Toolboxes\Data Management Tools.tbx\CalculateField" Date="20221221" Time="143449">CalculateField Sampel_LSU_1 ket "GSR" VB #</Process><Process ToolSource="c:\program files (x86)\arcgis\desktop10.7\ArcToolbox\Toolboxes\Data Management Tools.tbx\CalculateField" Date="20221221" Time="143635">CalculateField Sampel_LSU_1 ket "GSR" VB #</Process><Process ToolSource="c:\program files (x86)\arcgis\desktop10.7\ArcToolbox\Toolboxes\Data Management Tools.tbx\CalculateField" Date="20221221" Time="143847">CalculateField Sampel_LSU_1 ket "GSR" VB #</Process><Process ToolSource="c:\program files (x86)\arcgis\desktop10.7\ArcToolbox\Toolboxes\Data Management Tools.tbx\CalculateField" Date="20221221" Time="144633">CalculateField Sampel_LSU_1 ket "GSR" VB #</Process><Process ToolSource="c:\program files (x86)\arcgis\desktop10.7\ArcToolbox\Toolboxes\Data Management Tools.tbx\CalculateField" Date="20221221" Time="144709">CalculateField Sampel_LSU_1 ket "GSR" VB #</Process><Process ToolSource="c:\program files (x86)\arcgis\desktop10.7\ArcToolbox\Toolboxes\Data Management Tools.tbx\CalculateField" Date="20221221" Time="145036">CalculateField Sampel_LSU_1 ket "GSR" VB #</Process><Process ToolSource="c:\program files (x86)\arcgis\desktop10.7\ArcToolbox\Toolboxes\Data Management Tools.tbx\CalculateField" Date="20221221" Time="145219">CalculateField Sampel_LSU_1 ket "GSR" VB #</Process><Process ToolSource="c:\program files (x86)\arcgis\desktop10.7\ArcToolbox\Toolboxes\Data Management Tools.tbx\CalculateField" Date="20221221" Time="145446">CalculateField Sampel_LSU_1 ket "GSR" VB #</Process><Process ToolSource="c:\program files (x86)\arcgis\desktop10.7\ArcToolbox\Toolboxes\Data Management Tools.tbx\CalculateField" Date="20221221" Time="145806">CalculateField Sampel_LSU_1 ket "GSR" VB #</Process><Process ToolSource="c:\program files (x86)\arcgis\desktop10.7\ArcToolbox\Toolboxes\Data Management Tools.tbx\CalculateField" Date="20221221" Time="145933">CalculateField Sampel_LSU_1 ket "GSR" VB #</Process><Process ToolSource="c:\program files (x86)\arcgis\desktop10.7\ArcToolbox\Toolboxes\Data Management Tools.tbx\CalculateField" Date="20221221" Time="150117">CalculateField Sampel_LSU_1 ket "GSR" VB #</Process><Process ToolSource="c:\program files (x86)\arcgis\desktop10.7\ArcToolbox\Toolboxes\Data Management Tools.tbx\CalculateField" Date="20221221" Time="150605">CalculateField Sampel_LSU_1 ket "GSR" VB #</Process><Process ToolSource="c:\program files (x86)\arcgis\desktop10.7\ArcToolbox\Toolboxes\Data Management Tools.tbx\CalculateField" Date="20221221" Time="150639">CalculateField Sampel_LSU_1 ket "GSR" VB #</Process><Process ToolSource="c:\program files (x86)\arcgis\desktop10.7\ArcToolbox\Toolboxes\Data Management Tools.tbx\CalculateField" Date="20221221" Time="150754">CalculateField Sampel_LSU_1 ket "GSR" VB #</Process><Process ToolSource="c:\program files (x86)\arcgis\desktop10.7\ArcToolbox\Toolboxes\Data Management Tools.tbx\CalculateField" Date="20221221" Time="151313">CalculateField Sampel_LSU_1 ket "GSR" VB #</Process><Process ToolSource="c:\program files (x86)\arcgis\desktop10.7\ArcToolbox\Toolboxes\Data Management Tools.tbx\CalculateField" Date="20221221" Time="151724">CalculateField Sampel_LSU_1 ket "GSR" VB #</Process><Process ToolSource="c:\program files (x86)\arcgis\desktop10.7\ArcToolbox\Toolboxes\Data Management Tools.tbx\CalculateField" Date="20221221" Time="153629">CalculateField Sampel_LSU_1 ket "GSR" VB #</Process><Process ToolSource="c:\program files (x86)\arcgis\desktop10.7\ArcToolbox\Toolboxes\Data Management Tools.tbx\CalculateField" Date="20221221" Time="153936">CalculateField Sampel_LSU_1 ket "GSR" VB #</Process><Process ToolSource="c:\program files (x86)\arcgis\desktop10.7\ArcToolbox\Toolboxes\Data Management Tools.tbx\CalculateField" Date="20221221" Time="154154">CalculateField Sampel_LSU_1 ket "GSR" VB #</Process><Process ToolSource="c:\program files (x86)\arcgis\desktop10.7\ArcToolbox\Toolboxes\Data Management Tools.tbx\CalculateField" Date="20221221" Time="154719">CalculateField Sampel_LSU_1 ket "GSR" VB #</Process><Process ToolSource="c:\program files (x86)\arcgis\desktop10.7\ArcToolbox\Toolboxes\Data Management Tools.tbx\CalculateField" Date="20221221" Time="160000">CalculateField Sampel_LSU_1 ket "GSR" VB #</Process><Process ToolSource="c:\program files (x86)\arcgis\desktop10.7\ArcToolbox\Toolboxes\Data Management Tools.tbx\CalculateField" Date="20221221" Time="160734">CalculateField Sampel_LSU_1 ket "GSR" VB #</Process><Process ToolSource="c:\program files (x86)\arcgis\desktop10.7\ArcToolbox\Toolboxes\Data Management Tools.tbx\CalculateField" Date="20221221" Time="165304">CalculateField Sampel_LSU_1 ket "GSR" VB #</Process><Process ToolSource="c:\program files (x86)\arcgis\desktop10.7\ArcToolbox\Toolboxes\Data Management Tools.tbx\CalculateField" Date="20221221" Time="165343">CalculateField Sampel_LSU_1 ket "GSR" VB #</Process><Process ToolSource="c:\program files (x86)\arcgis\desktop10.7\ArcToolbox\Toolboxes\Data Management Tools.tbx\CalculateField" Date="20221221" Time="165454">CalculateField Sampel_LSU_1 ket "GSR" VB #</Process><Process ToolSource="c:\program files (x86)\arcgis\desktop10.7\ArcToolbox\Toolboxes\Data Management Tools.tbx\CalculateField" Date="20221221" Time="165505">CalculateField Sampel_LSU_1 ket "GSR" VB #</Process><Process ToolSource="c:\program files (x86)\arcgis\desktop10.7\ArcToolbox\Toolboxes\Data Management Tools.tbx\CalculateField" Date="20221221" Time="165530">CalculateField Sampel_LSU_1 ket "GSR" VB #</Process><Process ToolSource="c:\program files (x86)\arcgis\desktop10.7\ArcToolbox\Toolboxes\Data Management Tools.tbx\CalculateField" Date="20221221" Time="165556">CalculateField Sampel_LSU_1 ket "GSR" VB #</Process><Process ToolSource="c:\program files (x86)\arcgis\desktop10.7\ArcToolbox\Toolboxes\Data Management Tools.tbx\CalculateField" Date="20221222" Time="084423">CalculateField Sampel_LSU_1 ket "GSR" VB #</Process><Process ToolSource="c:\program files (x86)\arcgis\desktop10.7\ArcToolbox\Toolboxes\Data Management Tools.tbx\CalculateField" Date="20221222" Time="091105">CalculateField Sampel_LSU_1 ket "GSR" VB #</Process><Process ToolSource="c:\program files (x86)\arcgis\desktop10.7\ArcToolbox\Toolboxes\Data Management Tools.tbx\CalculateField" Date="20221222" Time="091238">CalculateField Sampel_LSU_1 ket "GSR" VB #</Process><Process ToolSource="c:\program files (x86)\arcgis\desktop10.7\ArcToolbox\Toolboxes\Data Management Tools.tbx\CalculateField" Date="20221222" Time="091515">CalculateField Sampel_LSU_1 ket "GSR" VB #</Process><Process ToolSource="c:\program files (x86)\arcgis\desktop10.7\ArcToolbox\Toolboxes\Data Management Tools.tbx\CalculateField" Date="20221222" Time="091545">CalculateField Sampel_LSU_1 ket "GSR" VB #</Process><Process ToolSource="c:\program files (x86)\arcgis\desktop10.7\ArcToolbox\Toolboxes\Data Management Tools.tbx\CalculateField" Date="20221222" Time="091700">CalculateField Sampel_LSU_1 ket "GSR" VB #</Process><Process ToolSource="c:\program files (x86)\arcgis\desktop10.7\ArcToolbox\Toolboxes\Data Management Tools.tbx\CalculateField" Date="20221222" Time="091853">CalculateField Sampel_LSU_1 ket "GSR" VB #</Process><Process ToolSource="c:\program files (x86)\arcgis\desktop10.7\ArcToolbox\Toolboxes\Data Management Tools.tbx\CalculateField" Date="20221222" Time="092126">CalculateField Sampel_LSU_1 ket "GSR" VB #</Process><Process ToolSource="c:\program files (x86)\arcgis\desktop10.7\ArcToolbox\Toolboxes\Data Management Tools.tbx\CalculateField" Date="20221222" Time="092415">CalculateField Sampel_LSU_1 ket "GSR" VB #</Process><Process ToolSource="c:\program files (x86)\arcgis\desktop10.7\ArcToolbox\Toolboxes\Data Management Tools.tbx\CalculateField" Date="20221222" Time="092652">CalculateField Sampel_LSU_1 ket "GSR" VB #</Process><Process ToolSource="c:\program files (x86)\arcgis\desktop10.7\ArcToolbox\Toolboxes\Data Management Tools.tbx\CalculateField" Date="20221222" Time="093216">CalculateField Sampel_LSU_1 ket "GSR" VB #</Process><Process ToolSource="c:\program files (x86)\arcgis\desktop10.7\ArcToolbox\Toolboxes\Data Management Tools.tbx\CalculateField" Date="20221222" Time="093854">CalculateField Sampel_LSU_1 ket "GSR" VB #</Process><Process ToolSource="c:\program files (x86)\arcgis\desktop10.7\ArcToolbox\Toolboxes\Data Management Tools.tbx\CalculateField" Date="20221222" Time="094621">CalculateField Sampel_LSU_1 ket "GSR" VB #</Process><Process ToolSource="c:\program files (x86)\arcgis\desktop10.7\ArcToolbox\Toolboxes\Data Management Tools.tbx\CalculateField" Date="20221222" Time="100150">CalculateField Sampel_LSU_1 ket "GSR" VB #</Process><Process ToolSource="c:\program files (x86)\arcgis\desktop10.7\ArcToolbox\Toolboxes\Data Management Tools.tbx\CalculateField" Date="20221222" Time="100819">CalculateField Sampel_LSU_1 ket "GSR" VB #</Process><Process ToolSource="c:\program files (x86)\arcgis\desktop10.7\ArcToolbox\Toolboxes\Data Management Tools.tbx\CalculateField" Date="20221222" Time="104020">CalculateField Sampel_LSU_1 ket "GSR" VB #</Process><Process ToolSource="c:\program files (x86)\arcgis\desktop10.7\ArcToolbox\Toolboxes\Data Management Tools.tbx\CalculateField" Date="20221222" Time="110429">CalculateField Sampel_LSU_1 ket "GSR" VB #</Process><Process ToolSource="c:\program files (x86)\arcgis\desktop10.7\ArcToolbox\Toolboxes\Data Management Tools.tbx\CalculateField" Date="20221222" Time="110731">CalculateField Sampel_LSU_1 ket "Digeser pada pokok terdekat" VB #</Process><Process ToolSource="c:\program files (x86)\arcgis\desktop10.7\ArcToolbox\Toolboxes\Data Management Tools.tbx\CalculateField" Date="20221222" Time="110841">CalculateField Sampel_LSU_1 ket "Digeser" VB #</Process><Process ToolSource="c:\program files (x86)\arcgis\desktop10.8\ArcToolbox\Toolboxes\Data Management Tools.tbx\Append" Date="20230103" Time="081954">Append Sampel_LSU_3_R&amp;D;'sampel LSU 2 IT' Sampel_LSU_1 NO_TEST "TARGET_FID "TARGET_FID" true false false 10 Long 0 10 ,First,#,Sampel_LSU_3_R&amp;D,TARGET_FID,-1,-1,sampel LSU 2 IT,TARGET_FID,-1,-1;Name "Name" true false false 254 Text 0 0 ,First,#,Sampel_LSU_3_R&amp;D,Name,-1,-1,sampel LSU 2 IT,Name,-1,-1;descriptio "descriptio" true false false 254 Text 0 0 ,First,#,Sampel_LSU_3_R&amp;D,descriptio,-1,-1,sampel LSU 2 IT,descriptio,-1,-1;timestamp "timestamp" true false false 254 Text 0 0 ,First,#,Sampel_LSU_3_R&amp;D,timestamp,-1,-1,sampel LSU 2 IT,timestamp,-1,-1;Nama_File "Nama_File" true false false 50 Text 0 0 ,First,#,Sampel_LSU_3_R&amp;D,Nama_File,-1,-1,sampel LSU 2 IT,Nama_File,-1,-1;ELEVATION "ELEVATION" true false false 7 Float 5 6 ,First,#,Sampel_LSU_3_R&amp;D,ELEVATION,-1,-1,sampel LSU 2 IT,ELEVATION,-1,-1;time "time" true false false 25 Text 0 0 ,First,#,Sampel_LSU_3_R&amp;D,time,-1,-1,sampel LSU 2 IT,time,-1,-1;Posisi_Pkk "Posisi_Pkk" true false false 10 Text 0 0 ,First,#,Sampel_LSU_3_R&amp;D,Posisi_Pkk,-1,-1,sampel LSU 2 IT,Posisi_Pkk,-1,-1;BLOCK_CODE "BLOCK_CODE" true false false 15 Text 0 0 ,First,#,Sampel_LSU_3_R&amp;D,BLOCK_CODE,-1,-1,sampel LSU 2 IT,BLOCK_CODE,-1,-1;BLOCK_NAME "BLOCK_NAME" true false false 15 Text 0 0 ,First,#,Sampel_LSU_3_R&amp;D,BLOCK_NAME,-1,-1,sampel LSU 2 IT,BLOCK_NAME,-1,-1;WERKS "WERKS" true false false 10 Text 0 0 ,First,#,Sampel_LSU_3_R&amp;D,WERKS,-1,-1,sampel LSU 2 IT,WERKS,-1,-1;AFD_CODE "AFD_CODE" true false false 15 Text 0 0 ,First,#,Sampel_LSU_3_R&amp;D,AFD_CODE,-1,-1,sampel LSU 2 IT,AFD_CODE,-1,-1;No "No" true false false 5 Long 0 5 ,First,#,Sampel_LSU_3_R&amp;D,No,-1,-1,sampel LSU 2 IT,No,-1,-1;ket "ket" true false false 50 Text 0 0 ,First,#" #</Process><Process ToolSource="c:\program files (x86)\arcgis\desktop10.8\ArcToolbox\Toolboxes\Data Management Tools.tbx\Append" Date="20230103" Time="082446">Append Sampel_LSU_3_R&amp;D;'sampel LSU 2 IT' Sampel_LSU_1 NO_TEST "TARGET_FID "TARGET_FID" true false false 10 Long 0 10 ,First,#,Sampel_LSU_3_R&amp;D,TARGET_FID,-1,-1,sampel LSU 2 IT,TARGET_FID,-1,-1;Name "Name" true false false 254 Text 0 0 ,First,#,Sampel_LSU_3_R&amp;D,Name,-1,-1,sampel LSU 2 IT,Name,-1,-1;descriptio "descriptio" true false false 254 Text 0 0 ,First,#,Sampel_LSU_3_R&amp;D,descriptio,-1,-1,sampel LSU 2 IT,descriptio,-1,-1;timestamp "timestamp" true false false 254 Text 0 0 ,First,#,Sampel_LSU_3_R&amp;D,timestamp,-1,-1,sampel LSU 2 IT,timestamp,-1,-1;Nama_File "Nama_File" true false false 50 Text 0 0 ,First,#,Sampel_LSU_3_R&amp;D,Nama_File,-1,-1,sampel LSU 2 IT,Nama_File,-1,-1;ELEVATION "ELEVATION" true false false 7 Float 5 6 ,First,#,Sampel_LSU_3_R&amp;D,ELEVATION,-1,-1,sampel LSU 2 IT,ELEVATION,-1,-1;time "time" true false false 25 Text 0 0 ,First,#,Sampel_LSU_3_R&amp;D,time,-1,-1,sampel LSU 2 IT,time,-1,-1;Posisi_Pkk "Posisi_Pkk" true false false 10 Text 0 0 ,First,#,Sampel_LSU_3_R&amp;D,Posisi_Pkk,-1,-1,sampel LSU 2 IT,Posisi_Pkk,-1,-1;BLOCK_CODE "BLOCK_CODE" true false false 15 Text 0 0 ,First,#,Sampel_LSU_3_R&amp;D,BLOCK_CODE,-1,-1,sampel LSU 2 IT,BLOCK_CODE,-1,-1;BLOCK_NAME "BLOCK_NAME" true false false 15 Text 0 0 ,First,#,Sampel_LSU_3_R&amp;D,BLOCK_NAME,-1,-1,sampel LSU 2 IT,BLOCK_NAME,-1,-1;WERKS "WERKS" true false false 10 Text 0 0 ,First,#,Sampel_LSU_3_R&amp;D,WERKS,-1,-1,sampel LSU 2 IT,WERKS,-1,-1;AFD_CODE "AFD_CODE" true false false 15 Text 0 0 ,First,#,Sampel_LSU_3_R&amp;D,AFD_CODE,-1,-1,sampel LSU 2 IT,AFD_CODE,-1,-1;No "No" true false false 5 Long 0 5 ,First,#,Sampel_LSU_3_R&amp;D,No,-1,-1,sampel LSU 2 IT,No,-1,-1;ket "ket" true false false 50 Text 0 0 ,First,#;edit "edit" true false false 5 Long 0 5 ,First,#,Sampel_LSU_3_R&amp;D,Edit,-1,-1,sampel LSU 2 IT,edit,-1,-1" #</Process><Process ToolSource="c:\program files (x86)\arcgis\desktop10.8\ArcToolbox\Toolboxes\Data Management Tools.tbx\CalculateField" Date="20230103" Time="082553">CalculateField Sampel_LSU_1 edit 1 VB #</Process><Process ToolSource="c:\program files (x86)\arcgis\desktop10.7\ArcToolbox\Toolboxes\Data Management Tools.tbx\CalculateField" Date="20230126" Time="171835">CalculateField Sampel_LSU_Digeser UID [FID]+1 VB #</Process><Process ToolSource="c:\program files (x86)\arcgis\desktop10.7\ArcToolbox\Toolboxes\Data Management Tools.tbx\CalculateField" Date="20230126" Time="171912">CalculateField Sampel_LSU_Digeser UID [UID]&amp;"-JOIN" VB #</Process><Process ToolSource="c:\program files (x86)\arcgis\desktop10.7\ArcToolbox\Toolboxes\Analysis Tools.tbx\Identity" Date="20230206" Time="081706">Identity Sampel_LSU_Digeser vector-tree_counting-tap-WGS84-merged-N-P-K C:\Users\anugrah.sandi.TAP\Documents\ArcGIS\Default.gdb\Sampel_LSU_Digeser_Identity1 ALL # NO_RELATIONSHIPS</Process><Process ToolSource="c:\program files (x86)\arcgis\desktop10.7\ArcToolbox\Toolboxes\Data Management Tools.tbx\DeleteIdentical" Date="20230206" Time="081834">DeleteIdentical Sampel_LSU_Digeser_Identity1 UID # 0</Process><Process ToolSource="c:\program files\arcgis\pro\Resources\ArcToolbox\toolboxes\Data Management Tools.tbx\CopyFeatures" Date="20230309" Time="145615">CopyFeatures Sampel_LSU_Digeser "F:\PROJECT ARIA\HASIL\Sampel_LSU_Digeser\Sampel_LSU_Digeser_DATA_PREDIKSI_BUFFER.shp" # # # #</Process><Process ToolSource="c:\program files (x86)\arcgis\desktop10.8\ArcToolbox\Toolboxes\Data Management Tools.tbx\FeatureToPoint" Date="20230614" Time="033705">FeatureToPoint Sampel_LSU_Digeser_DATA_PREDIKSI_BUFFER "D:\01 TAP\2022\Prediksi Hara\LOKASI_SAMPLE_LAPANGAN\Final\Sampel_LSU_DATA_PREDIKSI.shp" CENTROID</Process><Process ToolSource="c:\program files (x86)\arcgis\desktop10.8\ArcToolbox\Toolboxes\Data Management Tools.tbx\CalculateField" Date="20230614" Time="035905">CalculateField Sampel_LSU_DATA_PREDIKSI Posisi_Pkk "Ada" VB #</Process><Process ToolSource="c:\program files (x86)\arcgis\desktop10.8\ArcToolbox\Toolboxes\Data Management Tools.tbx\CalculateField" Date="20230614" Time="035924">CalculateField Sampel_LSU_DATA_PREDIKSI Posisi_Pkk "Ada" VB #</Process><Process ToolSource="c:\program files (x86)\arcgis\desktop10.8\ArcToolbox\Toolboxes\Data Management Tools.tbx\CalculateField" Date="20230614" Time="035949">CalculateField Sampel_LSU_DATA_PREDIKSI Posisi_Pkk "Ada" VB #</Process><Process ToolSource="c:\program files (x86)\arcgis\desktop10.8\ArcToolbox\Toolboxes\Data Management Tools.tbx\CalculateField" Date="20230614" Time="040007">CalculateField Sampel_LSU_DATA_PREDIKSI Posisi_Pkk "Ada" VB #</Process></lineage><itemProps><itemName Sync="TRUE">Sampel_LSU_DATA_PREDIKSI</itemName><imsContentType Sync="TRUE">002</imsContentType><itemSize Sync="TRUE">0.000</itemSize><itemLocation><linkage Sync="TRUE">file://\\DESKTOP-QDH3BQ2\D$\01 TAP\2022\Prediksi Hara\LOKASI_SAMPLE_LAPANGAN\Final\Sampel_LSU_DATA_PREDIKSI.shp</linkage><protocol Sync="TRUE">Local Area Network</protocol></itemLocation></itemProps><coordRef><type Sync="TRUE">Geographic</type><geogcsn Sync="TRUE">GCS_WGS_1984</geogcsn><csUnits Sync="TRUE">Angular Unit: Degree (0.017453)</csUnits><peXml Sync="TRUE">&lt;GeographicCoordinateSystem xsi:type='typens:GeographicCoordinateSystem' xmlns:xsi='http://www.w3.org/2001/XMLSchema-instance' xmlns:xs='http://www.w3.org/2001/XMLSchema' xmlns:typens='http://www.esri.com/schemas/ArcGIS/10.8'&gt;&lt;WKT&gt;GEOGCS[&amp;quot;GCS_WGS_1984&amp;quot;,DATUM[&amp;quot;D_WGS_1984&amp;quot;,SPHEROID[&amp;quot;WGS_1984&amp;quot;,6378137.0,298.257223563]],PRIMEM[&amp;quot;Greenwich&amp;quot;,0.0],UNIT[&amp;quot;Degree&amp;quot;,0.0174532925199433],AUTHORITY[&amp;quot;EPSG&amp;quot;,4326]]&lt;/WKT&gt;&lt;XOrigin&gt;-400&lt;/XOrigin&gt;&lt;YOrigin&gt;-400&lt;/YOrigin&gt;&lt;XYScale&gt;11258999068426.238&lt;/XYScale&gt;&lt;ZOrigin&gt;-100000&lt;/ZOrigin&gt;&lt;ZScale&gt;10000&lt;/ZScale&gt;&lt;MOrigin&gt;-100000&lt;/MOrigin&gt;&lt;MScale&gt;10000&lt;/MScale&gt;&lt;XYTolerance&gt;8.983152841195215e-09&lt;/XYTolerance&gt;&lt;ZTolerance&gt;0.001&lt;/ZTolerance&gt;&lt;MTolerance&gt;0.001&lt;/MTolerance&gt;&lt;HighPrecision&gt;true&lt;/HighPrecision&gt;&lt;LeftLongitude&gt;-180&lt;/LeftLongitude&gt;&lt;WKID&gt;4326&lt;/WKID&gt;&lt;LatestWKID&gt;4326&lt;/LatestWKID&gt;&lt;/GeographicCoordinateSystem&gt;</peXml></coordRef></DataProperties><SyncDate>20230614</SyncDate><SyncTime>03370300</SyncTime><ModDate>20230614</ModDate><ModTime>03370300</ModTime></Esri><dataIdInfo><envirDesc Sync="TRUE"> Version 6.2 (Build 9200) ; Esri ArcGIS 10.8.1.14362</envirDesc><dataLang><languageCode value="eng" Sync="TRUE"></languageCode><countryCode value="USA" Sync="TRUE"></countryCode></dataLang><idCitation><resTitle Sync="TRUE">Sampel_LSU_DATA_PREDIKSI</resTitle><presForm><PresFormCd value="005" Sync="TRUE"></PresFormCd></presForm></idCitation><spatRpType><SpatRepTypCd value="001" Sync="TRUE"></SpatRepTypCd></spatRpType></dataIdInfo><mdLang><languageCode value="eng" Sync="TRUE"></languageCode><countryCode value="USA" Sync="TRUE"></countryCode></mdLang><mdChar><CharSetCd value="004" Sync="TRUE"></CharSetCd></mdChar><distInfo><distFormat><formatName Sync="TRUE">Shapefile</formatName></distFormat><distTranOps><transSize Sync="TRUE">0.000</transSize></distTranOps></distInfo><mdHrLv><ScopeCd value="005" Sync="TRUE"></ScopeCd></mdHrLv><mdHrLvName Sync="TRUE">dataset</mdHrLvName><refSysInfo><RefSystem><refSysID><identCode code="4326" Sync="TRUE"></identCode><idCodeSpace Sync="TRUE">EPSG</idCodeSpace><idVersion Sync="TRUE">6.14(3.0.1)</idVersion></refSysID></RefSystem></refSysInfo><spatRepInfo><VectSpatRep><geometObjs Name="Sampel_LSU_DATA_PREDIKSI"><geoObjTyp><GeoObjTypCd value="004" Sync="TRUE"></GeoObjTypCd></geoObjTyp><geoObjCnt Sync="TRUE">0</geoObjCnt></geometObjs><topLvl><TopoLevCd value="001" Sync="TRUE"></TopoLevCd></topLvl></VectSpatRep></spatRepInfo><spdoinfo><ptvctinf><esriterm Name="Sampel_LSU_DATA_PREDIKSI"><efeatyp Sync="TRUE">Simple</efeatyp><efeageom code="1" Sync="TRUE"></efeageom><esritopo Sync="TRUE">FALSE</esritopo><efeacnt Sync="TRUE">0</efeacnt><spindex Sync="TRUE">FALSE</spindex><linrefer Sync="TRUE">FALSE</linrefer></esriterm></ptvctinf></spdoinfo><eainfo><detailed Name="Sampel_LSU_DATA_PREDIKSI"><enttyp><enttypl Sync="TRUE">Sampel_LSU_DATA_PREDIKSI</enttypl><enttypt Sync="TRUE">Feature Class</enttypt><enttypc Sync="TRUE">0</enttypc></enttyp><attr><attrlabl Sync="TRUE">FID</attrlabl><attalias Sync="TRUE">FID</attalias><attrtype Sync="TRUE">OID</attrtype><attwidth Sync="TRUE">4</attwidth><atprecis Sync="TRUE">0</atprecis><attscale Sync="TRUE">0</attscale><attrdef Sync="TRUE">Internal feature number.</attrdef><attrdefs Sync="TRUE">Esri</attrdefs><attrdomv><udom Sync="TRUE">Sequential unique whole numbers that are automatically generated.</udom></attrdomv></attr><attr><attrlabl Sync="TRUE">Shape</attrlabl><attalias Sync="TRUE">Shape</attalias><attrtype Sync="TRUE">Geometry</attrtype><attwidth Sync="TRUE">0</attwidth><atprecis Sync="TRUE">0</atprecis><attscale Sync="TRUE">0</attscale><attrdef Sync="TRUE">Feature geometry.</attrdef><attrdefs Sync="TRUE">Esri</attrdefs><attrdomv><udom Sync="TRUE">Coordinates defining the features.</udom></attrdomv></attr><attr><attrlabl Sync="TRUE">TARGET_FID</attrlabl><attalias Sync="TRUE">TARGET_FID</attalias><attrtype Sync="TRUE">Integer</attrtype><attwidth Sync="TRUE">10</attwidth><atprecis Sync="TRUE">10</atprecis><attscale Sync="TRUE">0</attscale></attr><attr><attrlabl Sync="TRUE">Name</attrlabl><attalias Sync="TRUE">Name</attalias><attrtype Sync="TRUE">String</attrtype><attwidth Sync="TRUE">254</attwidth><atprecis Sync="TRUE">0</atprecis><attscale Sync="TRUE">0</attscale></attr><attr><attrlabl Sync="TRUE">Nama_File</attrlabl><attalias Sync="TRUE">Nama_File</attalias><attrtype Sync="TRUE">String</attrtype><attwidth Sync="TRUE">50</attwidth><atprecis Sync="TRUE">0</atprecis><attscale Sync="TRUE">0</attscale></attr><attr><attrlabl Sync="TRUE">ELEVATION</attrlabl><attalias Sync="TRUE">ELEVATION</attalias><attrtype Sync="TRUE">Single</attrtype><attwidth Sync="TRUE">13</attwidth><atprecis Sync="TRUE">0</atprecis><attscale Sync="TRUE">0</attscale></attr><attr><attrlabl Sync="TRUE">Posisi_Pkk</attrlabl><attalias Sync="TRUE">Posisi_Pkk</attalias><attrtype Sync="TRUE">String</attrtype><attwidth Sync="TRUE">10</attwidth><atprecis Sync="TRUE">0</atprecis><attscale Sync="TRUE">0</attscale></attr><attr><attrlabl Sync="TRUE">BLOCK_CODE</attrlabl><attalias Sync="TRUE">BLOCK_CODE</attalias><attrtype Sync="TRUE">String</attrtype><attwidth Sync="TRUE">15</attwidth><atprecis Sync="TRUE">0</atprecis><attscale Sync="TRUE">0</attscale></attr><attr><attrlabl Sync="TRUE">BLOCK_NAME</attrlabl><attalias Sync="TRUE">BLOCK_NAME</attalias><attrtype Sync="TRUE">String</attrtype><attwidth Sync="TRUE">15</attwidth><atprecis Sync="TRUE">0</atprecis><attscale Sync="TRUE">0</attscale></attr><attr><attrlabl Sync="TRUE">WERKS</attrlabl><attalias Sync="TRUE">WERKS</attalias><attrtype Sync="TRUE">String</attrtype><attwidth Sync="TRUE">10</attwidth><atprecis Sync="TRUE">0</atprecis><attscale Sync="TRUE">0</attscale></attr><attr><attrlabl Sync="TRUE">AFD_CODE</attrlabl><attalias Sync="TRUE">AFD_CODE</attalias><attrtype Sync="TRUE">String</attrtype><attwidth Sync="TRUE">15</attwidth><atprecis Sync="TRUE">0</atprecis><attscale Sync="TRUE">0</attscale></attr><attr><attrlabl Sync="TRUE">No</attrlabl><attalias Sync="TRUE">No</attalias><attrtype Sync="TRUE">Integer</attrtype><attwidth Sync="TRUE">10</attwidth><atprecis Sync="TRUE">10</atprecis><attscale Sync="TRUE">0</attscale></attr><attr><attrlabl Sync="TRUE">edit</attrlabl><attalias Sync="TRUE">edit</attalias><attrtype Sync="TRUE">Integer</attrtype><attwidth Sync="TRUE">10</attwidth><atprecis Sync="TRUE">10</atprecis><attscale Sync="TRUE">0</attscale></attr><attr><attrlabl Sync="TRUE">UID</attrlabl><attalias Sync="TRUE">UID</attalias><attrtype Sync="TRUE">String</attrtype><attwidth Sync="TRUE">50</attwidth><atprecis Sync="TRUE">0</atprecis><attscale Sync="TRUE">0</attscale></attr><attr><attrlabl Sync="TRUE">KODE_JOIN</attrlabl><attalias Sync="TRUE">KODE_JOIN</attalias><attrtype Sync="TRUE">String</attrtype><attwidth Sync="TRUE">50</attwidth><atprecis Sync="TRUE">0</atprecis><attscale Sync="TRUE">0</attscale></attr><attr><attrlabl Sync="TRUE">REBLOCK</attrlabl><attalias Sync="TRUE">REBLOCK</attalias><attrtype Sync="TRUE">String</attrtype><attwidth Sync="TRUE">80</attwidth><atprecis Sync="TRUE">0</atprecis><attscale Sync="TRUE">0</attscale></attr><attr><attrlabl Sync="TRUE">N_pred</attrlabl><attalias Sync="TRUE">N_pred</attalias><attrtype Sync="TRUE">Double</attrtype><attwidth Sync="TRUE">19</attwidth><atprecis Sync="TRUE">0</atprecis><attscale Sync="TRUE">0</attscale></attr><attr><attrlabl Sync="TRUE">P_pred</attrlabl><attalias Sync="TRUE">P_pred</attalias><attrtype Sync="TRUE">Double</attrtype><attwidth Sync="TRUE">19</attwidth><atprecis Sync="TRUE">0</atprecis><attscale Sync="TRUE">0</attscale></attr><attr><attrlabl Sync="TRUE">K_pred</attrlabl><attalias Sync="TRUE">K_pred</attalias><attrtype Sync="TRUE">Double</attrtype><attwidth Sync="TRUE">19</attwidth><atprecis Sync="TRUE">0</atprecis><attscale Sync="TRUE">0</attscale></attr><attr><attrlabl Sync="TRUE">N</attrlabl><attalias Sync="TRUE">N</attalias><attrtype Sync="TRUE">Double</attrtype><attwidth Sync="TRUE">19</attwidth><atprecis Sync="TRUE">0</atprecis><attscale Sync="TRUE">0</attscale></attr><attr><attrlabl Sync="TRUE">P</attrlabl><attalias Sync="TRUE">P</attalias><attrtype Sync="TRUE">Double</attrtype><attwidth Sync="TRUE">19</attwidth><atprecis Sync="TRUE">0</atprecis><attscale Sync="TRUE">0</attscale></attr><attr><attrlabl Sync="TRUE">K</attrlabl><attalias Sync="TRUE">K</attalias><attrtype Sync="TRUE">Double</attrtype><attwidth Sync="TRUE">19</attwidth><atprecis Sync="TRUE">0</atprecis><attscale Sync="TRUE">0</attscale></attr><attr><attrlabl Sync="TRUE">TANAH</attrlabl><attalias Sync="TRUE">TANAH</attalias><attrtype Sync="TRUE">String</attrtype><attwidth Sync="TRUE">50</attwidth><atprecis Sync="TRUE">0</atprecis><attscale Sync="TRUE">0</attscale></attr><attr><attrlabl Sync="TRUE">Long</attrlabl><attalias Sync="TRUE">Long</attalias><attrtype Sync="TRUE">Double</attrtype><attwidth Sync="TRUE">19</attwidth><atprecis Sync="TRUE">0</atprecis><attscale Sync="TRUE">0</attscale></attr><attr><attrlabl Sync="TRUE">Lat</attrlabl><attalias Sync="TRUE">Lat</attalias><attrtype Sync="TRUE">Double</attrtype><attwidth Sync="TRUE">19</attwidth><atprecis Sync="TRUE">0</atprecis><attscale Sync="TRUE">0</attscale></attr><attr><attrlabl Sync="TRUE">BUFF_DIST</attrlabl><attalias Sync="TRUE">BUFF_DIST</attalias><attrtype Sync="TRUE">Double</attrtype><attwidth Sync="TRUE">19</attwidth><atprecis Sync="TRUE">0</atprecis><attscale Sync="TRUE">0</attscale></attr><attr><attrlabl Sync="TRUE">ORIG_FID</attrlabl><attalias Sync="TRUE">ORIG_FID</attalias><attrtype Sync="TRUE">Integer</attrtype><attwidth Sync="TRUE">10</attwidth><atprecis Sync="TRUE">10</atprecis><attscale Sync="TRUE">0</attscale></attr><attr><attrlabl Sync="TRUE">Shape_Leng</attrlabl><attalias Sync="TRUE">Shape_Leng</attalias><attrtype Sync="TRUE">Double</attrtype><attwidth Sync="TRUE">19</attwidth><atprecis Sync="TRUE">0</atprecis><attscale Sync="TRUE">0</attscale></attr><attr><attrlabl Sync="TRUE">Shape_Area</attrlabl><attalias Sync="TRUE">Shape_Area</attalias><attrtype Sync="TRUE">Double</attrtype><attwidth Sync="TRUE">19</attwidth><atprecis Sync="TRUE">0</atprecis><attscale Sync="TRUE">0</attscale><attrdef Sync="TRUE">Area of feature in internal units squared.</attrdef><attrdefs Sync="TRUE">Esri</attrdefs><attrdomv><udom Sync="TRUE">Positive real numbers that are automatically generated.</udom></attrdomv></attr><attr><attrlabl Sync="TRUE">xmin</attrlabl><attalias Sync="TRUE">xmin</attalias><attrtype Sync="TRUE">Double</attrtype><attwidth Sync="TRUE">19</attwidth><atprecis Sync="TRUE">0</atprecis><attscale Sync="TRUE">0</attscale></attr></detailed></eainfo><mdDateSt Sync="TRUE">20230614</mdDateSt></metadata>
