{
"meta":{"test_sets":[],"test_metrics":[],"learn_metrics":[{"best_value":"Min","name":"RMSE"}],"launch_mode":"Train","parameters":"","iteration_count":10,"learn_sets":["learn"],"name":"experiment"},
"iterations":[
{"learn":[0.01398652196],"iteration":0,"passed_time":0.0003309572765,"remaining_time":0.002978615488},
{"learn":[0.0139349444],"iteration":1,"passed_time":0.00063975921,"remaining_time":0.00255903684},
{"learn":[0.01388441809],"iteration":2,"passed_time":0.0008881816252,"remaining_time":0.002072423792},
{"learn":[0.0138525877],"iteration":3,"passed_time":0.001112900263,"remaining_time":0.001669350394},
{"learn":[0.0138216565],"iteration":4,"passed_time":0.001358245254,"remaining_time":0.001358245254},
{"learn":[0.01379088754],"iteration":5,"passed_time":0.001592212831,"remaining_time":0.001061475221},
{"learn":[0.01376235674],"iteration":6,"passed_time":0.00181447853,"remaining_time":0.0007776336556},
{"learn":[0.01374914981],"iteration":7,"passed_time":0.002070533668,"remaining_time":0.000517633417},
{"learn":[0.01373177402],"iteration":8,"passed_time":0.00231585588,"remaining_time":0.00025731732},
{"learn":[0.01369953891],"iteration":9,"passed_time":0.002529224328,"remaining_time":0}
]}